<?xml version="1.0" encoding="UTF-8"?>
<root>
  <item name="com.example.rajesh.sample.core.utils.Toaster android.widget.Toast makeToast(java.lang.String, int) 1">
    <annotation name="android.support.annotation.IntDef">
      <val name="value" val="{android.widget.Toast.LENGTH_LONG, android.widget.Toast.LENGTH_SHORT}" />
    </annotation>
  </item>
  <item name="com.example.rajesh.sample.core.utils.Toaster void show(java.lang.String, int) 1">
    <annotation name="android.support.annotation.IntDef">
      <val name="value" val="{android.widget.Toast.LENGTH_LONG, android.widget.Toast.LENGTH_SHORT}" />
    </annotation>
  </item>
</root>

